player_id,name,positions,confidence
9,David Seaman,GK,high
11,Nigel Winterburn,LB,high
61,David Batty,CDM/CM,high
112,Alf Inge Haaland,CDM/CM/RB,high
359,Jordi Cruijff,CAM/RM/CF,high
717,David Robertson,LB,high
719,David Hopkin,CM,high
1024,Sean Flynn,CM/RM,high
1027,Richard Sneekes,CM/CAM,high
1028,David Watson,GK,high
1031,Fabian De Freitas,ST,low
1034,Alan Miller,GK,high
1043,Giorgos Donis,RM,low
1045,Marcus Stewart,ST/CF,high
1046,Scott Sellars,LM/CM,high
1049,Kevin Richardson,CM,high
1050,Paul Holmes,RB,low
1054,Barry Horne,CDM/CM,high
1056,Scott Jones,CB/LB,low
1060,Eric Tinkler,CM,high
1079,Robin van der Laan,CM,high
1081,Geoff Thomas,CM,high
1091,Georgi Hristov,ST,high
1094,Paul Simpson,LM/LW,high
1098,Andy Sinton,LM/RM,high
1103,Steve Sedgley,CB/CDM,high
1109,Mark Venus,CB/LB,high
1112,Mick Stockwell,RM/CM/RB,high
1125,Adam Tanner,CM,low
1130,Gary Rowett,CB/RB,high
1136,Neil Pointon,LB,high
1137,Graham Hyde,CM,high
1147,Mark Robins,ST,high
1154,Peter Ndlovu,LW/ST,high
1160,Gary Croft,LB/CB,high
1164,Eddie Newton,CDM/CM,high
1167,Gary Ablett,CB/LB,high
1184,Gerard Wiekens,CDM/CB/CM,high
1185,Andy Morrison,CB,high
1189,Ian Bishop,CM,high
1191,Shaun Goater,ST,high
1196,Tommy Wright,RW/LW,low
1199,Jamie Pollock,CDM/CM,high
1209,Richard Jobson,CB,high
1219,Daryl Sutch,RB/RM/CM,high
1222,David Kelly,ST,high
1223,Lee Marshall,RB/CM,low
1233,Nick Henry,CM,high
1237,Darren Eadie,LW/LM,high
1242,Jason McAteer,RM/CM/RWB,high
1244,Darren Peacock,CB,high
1258,Alan Kelly,GK,high
1284,Gareth Hall,RB,high
1286,Mike Milligan,CM,high
1290,Keith Branagan,GK,high
1291,Neil Cox,RB,high
1294,Gudni Bergsson,CB/RB,high
1298,Michael Johansen,RM,low
1302,Dave Beasant,GK,high
1303,Bob Taylor,ST,high
1304,Dean Holdsworth,ST,high
1306,Ty Gooden,LM,high
1314,Bo Hansen,ST,low
1315,Mark Walters,LW/LM,high
1316,Steve Chettle,CB,high
1319,Jimmy Phillips,LB/LM,high
1322,David Platt,CAM/CM,high
1327,Chris Bart-Williams,CM/CAM,high
1331,Thierry Bonalair,RB/RM,low
1333,Ian Woan,LM,high
1341,Jesper Mattsson,CB,high
1351,Andy Petterson,GK,high
1357,Adrian Whitbread,CB,high
1361,Steve Claridge,ST,high
1374,Fitzroy Simpson,LM/CM,high
1376,Jason Cundy,CB,high
1380,Brett Angell,ST,high
1382,Richard Rufus,CB,high
1387,Carl Tiler,CB,high
1393,Andy Hunt,ST,high
1394,Clive Mendonca,ST,high
1397,Guy Whittingham,ST,high
1399,Rory Allen,ST,high
1400,David Smith,CM,low
1402,Steve Brown,CB,high
1406,Martin Pringle,ST,high
1408,Eddie Youds,CB,high
1414,Keith Jones,CM,high
1415,Matt Holmes,LM,high
1425,Jonathan Hunt,CAM/CM,high
1431,Jason Kearton,GK,high
1442,Simon Tracey,GK,high
1449,Nicky Marker,CB/CDM,high
1451,Carl Griffiths,ST,high
1454,Jon O'Connor,CM,low
1461,Dane Whitehouse,LM/LW,high
1483,Simon Barker,CM,high
1487,Ludek Miklosko,GK,high
1490,Tim Breacker,RB,high
1497,Steve Morrow,CB/LB/CDM,high
1498,Karl Ready,CB/RB,high
1499,Danny Maddix,CB,high
1501,Gavin Peacock,CM/CAM,high
1504,Chris Kiwomya,ST/LW,high
1512,Keith Rowland,LB,high
1514,Richard Smith,CB,low
1517,Steve Slade,ST,low
1520,David Smith,LM/LW,low
1525,Dean Austin,RB,high
1527,Iain Dowie,ST,high
1543,Kingsley Black,LM/LW,high
1546,Jamie Fullarton,CM,low
1548,Fraser Digby,GK,high
1552,Bradley Allen,ST,high
1553,Steve Finnan,RB,high
1555,Andy Linighan,CB,high
1560,Chris Coleman,CB/LB,high
1565,Paul Trollope,CM,high
1580,Ian Selley,CM,high
1584,Wayne Collins,CM,high
1588,Steve McAnespie,RB,high
1591,Lee Dixon,RB,high
1595,Tony Adams,CB,high
1597,Nelson Vivas,RB/LB/CDM,high
1605,Davor Suker,ST,high
1606,Mark Draper,CM/CAM,high
1611,Marc Overmars,LW,high
1612,Jamie Lawrence,RM/RW,high
1613,Christopher Wreh,ST,high
1617,Lee Mills,ST,high
1624,Lee Todd,LB,high
1626,Matt Clarke,GK,high
1630,Emmanuel Petit,CDM/CM,high
1633,Gilles Grimandi,CB/CDM/RB,high
1634,Lee Sharpe,LM/LW,high
1638,Gunnar Halle,RB/RM,high
1641,John Dreyer,CB,high
1642,Oleg Luzhny,RB/CB,high
1645,John Lukic,GK,high
1646,Najwan Ghrayib,LB,low
1649,Neil Redfearn,CM,high
1650,Darius Vassell,ST/RW,high
1651,Dean Saunders,ST,high
1657,Colin Calderwood,CB,high
1663,Dan Petrescu,RWB/RB/RM,high
1666,Horacio Carbonari,CB,high
1668,Jes Hogh,CB,high
1669,Darryl Powell,CM/CDM,high
1670,Frank Leboeuf,CB,high
1671,Tony Dorigo,LB,high
1672,Marcel Desailly,CB/CDM,high
1674,Didier Deschamps,CDM/CM,high
1675,Dean Sturridge,ST,high
1676,Gustavo Poyet,CM/CAM,high
1680,Pierluigi Casiraghi,ST,high
1682,Kevin Harper,RW/RM,high
1683,Bjarne Goldbæk,RM,high
1684,Malcolm Christie,ST,high
1685,Kevin Hitchcock,GK,high
1686,Lars Bohinen,CM/CAM,high
1687,Graeme Le Saux,LB/LWB/LM,high
1689,Roberto Di Matteo,CM/CDM,high
1691,Albert Ferrer,RB,high
1698,David Burrows,LB,high
1703,Bernard Lambourde,CB/RB,high
1705,Richard Shaw,CB/RB,high
1706,Mark Nicholls,ST,low
1712,Mikkel Beck,ST,high
1716,Gary McAllister,CM,high
1723,Adam Murray,CM,high
1725,Stefano Eranio,RM/CM,high
1728,Esteban Fuertes,ST,high
1729,Stephen Froggatt,LM/LW,high
1731,Youssef Chippo,CM/CAM,high
1735,Barry Quinn,CM/RB,high
1738,Alex Cleland,RB,high
1740,Richard Gough,CB,high
1742,Dave Watson,CB,high
1744,John Collins,CM/LM,high
1752,Gareth Farrelly,CM,high
1755,Pegguy Arphexad,GK,high
1759,Mitch Ward,RM/RB,high
1760,Steve Walsh,CB,high
1766,Slaven Bilic,CB,high
1769,Arnar Gunnlaugsson,ST/LW,high
1770,Terry Phelan,LB,high
1772,John O'Kane,RB,low
1777,Ian Marshall,ST/CB,high
1778,Graham Fenton,ST,high
1779,Andy Impey,RM/RWB/RB,high
1780,Stuart Wilson,LM,low
1781,Tony Cottee,ST,high
1791,Phil Babb,CB,high
1798,Vegard Heggem,RB,high
1805,Stig Inge Bjornebye,LB,high
1808,Titi Camara,ST/RW,high
1810,Denis Irwin,LB/RB,high
1811,Danny Hay,CB,high
1815,David May,CB/RB,high
1824,Warren Barton,RB,high
1825,Jesper Blomqvist,LW/LM,high
1826,Raimond van der Gouw,GK,high
1828,Elena Marcelino,CB,high
1833,Henning Berg,CB/RB,high
1837,Steve Vickers,CB,high
1842,Gianluca Festa,CB/RB,high
1844,Gary Pallister,CB,high
1846,Robbie Mustoe,CM/CDM,high
1847,Silvio Maric,CAM/RW,high
1850,Paul Gascoigne,CM/CAM,high
1852,Andy Griffin,RB,high
1856,Temuri Ketsbaia,CAM/ST/CM,high
1859,Keith O'Neill,LM/LW,high
1862,Alan Moore,RM,high
1864,Laurent Charvet,RB,high
1874,Carl Serrant,LB,low
1877,Hamilton Ricard,ST,high
1878,Lionel Perez,GK,high
1883,Steffen Freund,CDM,high
1891,Craig Harrison,LB,low
1893,Mark Summerbell,CM,high
1900,Des Hamilton,CM,low
1906,Steffen Iversen,ST,high
1908,Willem Korsten,LW/LM/ST,high
1909,John Beresford,LB,high
1910,Justin Edinburgh,LB,high
1912,Espen Baardsen,GK,high
1914,David Ginola,LW,high
1917,Ramon Vega,CB,high
1921,Matthew Le Tissier,CAM/CF/RW,high
1924,Ruel Fox,RW/RM,high
1925,Mark Hughes,ST/CF,high
1926,David Howells,CM,high
1927,John Scales,CB/RB,high
1928,José Dominguez,LW/RW,high
1929,Richard Dryden,CB,high
1931,Allan Nielsen,CM,high
1935,Stuart Ripley,RM/RW,high
1937,Francis Benali,LB/CB,high
1942,David Hughes,CM,low
1943,Scott Hiley,RB,high
1946,Patrick Colleter,LB,high
1947,Andy Hinchcliffe,LB/LWB,high
1949,Wim Jonk,CM/CDM,high
1955,Kevin Ball,CDM/CM,high
1957,Steve Bould,CB,high
1958,David Hirst,ST,high
1959,Benito Carbone,CF/CAM/RW,high
1968,Niall Quinn,ST,high
1969,Philip Scott,CM,low
1973,Ian Nolan,RB,high
1974,Hassan Kachloul,LM/CAM,high
1976,Shayne Bradley,ST,low
1977,Simon Donnelly,ST/CAM,high
1980,Jon Newsome,CB,high
1981,Lee Briscoe,LB/LM,high
1985,Gilles De Bilde,ST,high
1986,Alex Rae,CM,high
1987,Mark McKeever,LW,low
1991,Scott Oakes,CM/RM,high
1992,Des Lyttle,RB,high
1998,Stefan Schwarz,CDM/CM,high
2010,Michel Ngonge,ST,high
2014,Nick Wright,RW,low
2016,Nordin Wooter,RW/RM,high
2018,Nigel Gibbs,RB,high
2023,Paul Heald,GK,high
2024,Craig Forrest,GK,high
2029,Alan Kimble,LB,high
2031,Steve Potts,CB,high
2032,Dean Yates,CB,high
2037,Javier Margas,CB,high
2039,Igor Stimac,CB,high
2040,Alexandre Bonnot,CM,low
2041,Neil Ruddock,CB,high
2046,Stuart Pearce,LB,high
2047,Marc Keller,LM,high
2048,Robbie Earle,CM,high
2052,John Moncur,CM,high
2058,Marc Vivien Foe,CDM/CM,high
2062,Manny Omoyinmi,ST,low
2067,Tore Pedersen,CB,high
2070,Ian Wright,ST,high
2072,Samassi Abou,ST,high
2075,Brian McAllister,CB,high
2078,Ceri Hughes,CM,high
2079,Carl Leaburn,ST,high
2080,Jon Goodman,ST,high
2089,Mixu Paatelainen,ST,high
2095,Derek Whyte,CB/LB,high
2109,Andy Dow,LB,low
2111,Paul Bernard,CM,high
2146,Dmitri Kharin,GK,high
2147,Jonathan Gould,GK,high
2154,Dylan Kerr,LB,high
2156,Marc Rieper,CB,high
2168,Ian Durrant,CM/CAM,high
2172,Craig Burley,CM,high
2184,Regi Blinker,LW,high
2210,Willie Falconer,ST/CM,high
2229,Shaun Teale,CB,high
2245,Alex Mathie,ST,high
2251,Tony Thomas,RB,low
2277,Darren Jackson,ST,high
2298,Leigh Jenkinson,LW/LM,high
2301,Gerry McMahon,RM,low
2302,Lee Makel,CM,low
2312,Colin Hendry,CB,high
2321,Keith O'Halloran,RB,low
2329,Andrei Kanchelskis,RW/RM,high
2341,Gordon Durie,ST,high
2344,Neil McCann,LM/LW,high
2347,Rod Wallace,ST/LW,high
2382,Kevin Gallacher,ST/LW,high
2386,Larus Sigurdsson,CB,high
2387,Andy Townsend,CM,high
2390,Carlton Palmer,CDM/CB/CM,high
2398,Gary Charles,RB,high
2401,Trond Egil Soltvedt,CM,high
2402,Eric Roy,CM,high
2406,Walid Badir,CDM/CB,high
2410,Rob Bowman,CB,low
2414,David Brightwell,CB/LB,high
2452,Adrian Clarke,LM,low
2480,Marco Gabbiadini,ST,high
2482,Lee Power,ST,high
2488,Jon Gittens,CB,high
2493,Peter Butler,CM/CDM,high
2497,Neil Heaney,LW/ST,high
2551,Andy Turner,CM,low
2558,Vance Warner,CB,low
2589,Paul Rogers,CM,low
2594,Lee Glover,ST,high
2619,Lee Howey,CB/ST,high
2638,Duncan Spedding,CM,low
2641,Tony Dobson,CB/LB,low
2647,Paul Wilkinson,ST,high
2679,Neil Thompson,LB,high
2682,Sean McCarthy,ST,high
2684,Paul McGregor,ST,low
2692,Chris Fairclough,CB,high
2729,David Linighan,CB,high
2733,Mark Blake,CM,low
2739,Matt Bound,CB,low
2743,Steve Agnew,CM,high
2745,Bobby Mimms,GK,high
2748,John Williams,ST,high
2806,Dave Barnes,LB,low
2808,Steve Wood,CM,low
2813,Terry Fleming,CM/RB,low
2815,Martin Ling,CM/RM,high
2821,Paul Miller,CM,low
2823,Lee Philpott,LM,high
2824,Roger Joseph,RB/CB,high
2831,Simon Coleman,CB,high
2832,David Phillips,CM/RM,high
2850,O'Neill Donaldson,ST,high
2894,Rob Newman,CB/CM,high
2933,Chris Freestone,ST,low
2969,Paul Cook,CM/LM,high
2970,Simon Davies,RM/LM,high
2974,Sam Shilton,LM/CM,low
2994,Tom Cowan,LB,high
2999,Rae Ingram,CB,low
3003,Neil Tolson,ST,low
3005,Andrew Couzens,RB/CB,low
3010,David Bardsley,RB,high
3031,Paul Beesley,CB,high
3045,Nigel Worthington,LB/LM,high
3047,Scott Mean,CM,low
3063,Mark Stein,ST,high
3074,Christer Warren,ST,low
3075,Gordon Watson,ST,high
3084,Paul Williams,CB,low
3096,Andrew Scott,ST,low
3098,John Gayle,ST,high
3115,David Hillier,CM,high
3116,Michael Meaker,RM/LM,low
3128,Steve Redmond,CB,high
3130,Jon Hallworth,GK,high
3134,Andy Preece,ST,high
3151,Jason Bowen,LM,low
3157,Matthew Brazier,LM,low
3171,Danny Hill,CM,low
3179,Frankie Bennett,ST,low
3199,David Gregory,CM,low
3208,Vince Bartram,GK,high
3215,Jason Dozzell,CM/CAM,high
3216,Mark Patterson,ST,low
3230,Geraint Williams,CDM/CM,high
3276,Clive Wilson,LB,high
3301,Paul Moody,ST,high
3306,Nigel Spink,GK,high
3348,Peter Fear,CB,low
3367,Steve Anthrobus,ST,low
3374,John Sheridan,CM,high
3379,Clayton Blackmore,CM/LB/RB,high
3399,John Polston,CB,high
3408,Phil Whelan,CB,high
3419,Alan McLeary,CB,high
3421,Darren Caskey,CM,high
3432,Keith Scott,ST,high
3436,Nicky Hammond,GK,high
3439,Neil Adams,RM/LM,high
3445,Bryan Small,LB,high
3447,Julian Darby,CB/RB,low
3456,Nicky Mohan,CB,high
3478,David Lowe,ST/RW,low
3479,David Oldfield,CM/RM,low
3484,Kyle Lightbourne,ST,high
3512,Gary Parkinson,RB,high
3529,Carl Bradshaw,RB/RM,high
3542,Martin Taylor,GK,high
3543,Michael O'Neill,CM,high
3549,Scott Green,RB,low
3560,Shaun Taylor,CB,high
3566,Greg Goodridge,RM/RW,low
3579,David Lee,RM/LM,low
3586,Paul Mortimer,CM,low
3593,Mark Bowen,LB,high
3594,Darren Sheridan,CM,low
3628,Stan Collymore,ST,high
3631,Egil Ostenstad,ST,high
3632,Michael Reddy,ST,high
3641,Paolo Tramezzani,LB,high
3646,Steve Harkness,LB/CB,high
3647,Xavier Gravelaine,ST/LW,high
3650,Nicky Banger,ST,high
3657,Karl-Heinz Riedle,ST,high
3663,Georgi Kinkladze,CAM/LW,high
3664,Avi Nimni,CAM,high
3674,Gareth Grant,ST,low
3675,John Karelse,GK,high
3679,Steve Ogrizovic,GK,high
3694,Neville Southall,GK,high
3702,David Tuttle,CB,high
3703,David Hughes,CB,low
3707,Branko Strupar,ST,high
3710,Kenneth Monkou,CB,high
3718,Jamie Milligan,CM,low
3721,Stewart Castledine,CM,low
3727,Craig Russell,ST/LW,high
3728,George Weah,ST,high
3734,Dave McEwen,ST,low
3738,Herlyn Zuniga,ST,high
3752,Cadete,ST,high
3758,Andreas Lund,ST,high
3764,Mike Newell,ST,high
3769,Gianluca Vialli,ST,high
3777,Danny Williamson,CM/RM,high
3782,Tahar El-Khalej,CB,high
3788,Lee Matthews,ST,low
3790,Sasa Curcic,CAM/LM/CM,high
3844,Christian Karembeu,CM/RM/RB,high
3849,Bernard Lama,GK,high
3861,Laurent Blanc,CB,high
3869,Dani,ST/CAM/RW,high
3885,Christophe Dugarry,ST/CF,high
3890,Roland Nilsson,RB,high
3893,Joachim Björklund,CB,high
3909,Slavisa Jokanovic,CDM,high
3949,Steve McManaman,LM/RM/CAM,high
3952,Peter Schmeichel,GK,high
3986,Jesper Grønkjaer,RW/RM,high
3989,Régis Genaux,RB,high
4016,Luc Nilis,ST,high
4039,Bjorn Otto Bragstad,CB,high
4045,Gheorghe Popescu,CDM/CB,high
4062,Winston Bogarde,LB/CB,high
4100,Stale Solbakken,CM,high
4152,Gaizka Mendieta,CM/RM,high
4158,Salva Ballesta,ST,high
4208,Youri Djorkaeff,CAM,high
4222,Tim Flowers,GK,high
4246,Dario Marcolin,CM/CDM,high
4256,Mario Stanic,CM/RM,high
4260,Christian Bassedas,CAM/CM,high
4261,Daniel Cordone,LW/ST,high
4272,Mark Ford,CM,high
4325,Jacob Laursen,CB/RB,high
4379,Andy Ducros,CAM/CM,low
4405,Paul Rideout,ST,high
4466,Patrizio Billio,CM,low
4497,Owen Coyle,ST,high
4525,Alen Boksic,ST,high
4566,Ian Feuer,GK,high
4588,Nigel Jemson,ST,high
4592,Alex Nyarko,CM/CDM,high
4610,Andy van der Meijde,LM/LW,high
4653,Stefan Postma,GK,high
4716,Alfons Groenendijk,CM,low
4719,Dirk Kuijt,RW/ST,high
4756,Ulrich van Gobbel,CB/RB,high
4857,Ruud van Nistelrooij,ST,high
4869,Glenn Helder,LW,high
5001,Orlando Trustfull,LM/CM,low
5097,Stig Töfting,CDM,high
5108,Anthony Yeboah,ST,high
5180,Bryan Roy,LW/ST,high
5189,Claus Thomsen,CB/CDM,high
5388,Jan Åge Fjørtoft,ST,high
5393,Frode Grodås,GK,high
5432,Matthias Breitkreutz,CM,low
5577,Julian Watts,CB,high
5589,Dean Whitehead,CDM/CM,high
5614,Juan Cobian,RB,low
5688,Tony Sheridan,ST/CAM,low
5843,Noureddine Naybet,CB,high
5904,Vinny Samways,CM,high
5960,Finidi George,RW,high
6075,Julio Santos,CM,low
6227,Ali Benarbia,CAM,high
6253,Lilian Martin,LB,low
6256,Klas Ingesson,CM/CDM,high
6261,Djamel Belmadi,CAM/LW,high
6277,Stephane Guivarc'h,ST,high
6299,Vladimír Labant,LB,high
6367,Scott Taylor,CM,low
6476,Patrick Valery,RB,high
6487,Pierre Laurent,RM,low
6497,Jerome Bonnissel,LB,high
6504,Sylvain Legwinski,CM,high
6543,Franck Dumas,CB,high
6554,Michael Debeve,CM,low
6661,Sebastien Schemmel,RB,high
6681,Martin Djetou,CB/CDM,high
6787,Jean-Guy Wallemme,CB,high
6863,Andrejs Stolcers,CM/LM,high
7035,Attilio Lombardo,RW/RM,high
7036,Fabrizio Ravanelli,ST,high
7185,Philemon Masinga,ST,high
7666,Michael Thomas,CM,high
7741,Mick Galloway,CM,low
7896,Efan Ekoku,ST,high
7900,Hans Segers,GK,high
7962,Clarence Acuna,CM,high
7982,Bruce Grobbelaar,GK,high
7984,Steve Nicol,RB/LB/CB,high
7985,Gary Gillespie,CB,high
7987,Ray Houghton,RM/CM,high
7989,John Barnes,LW/CM,high
7991,Nigel Spackman,CDM/CM,high
7993,Jan Mølby,CM,high
7994,Peter Beardsley,CF/CAM/ST,high
7995,Ian Rush,ST,high
8001,Gary Crosby,RM/RW,high
8003,Nigel Clough,CAM/CF,high
8004,Neil Webb,CM/CAM,high
8006,Colin Foster,CB,high
8007,Terry Wilson,CM/CB,low
8377,Kevin Gibbens,CM,low
8441,Moussa Saïb,CAM,high
8450,Steve Thompson,LM/CM,low
8455,Ian Ormondroyd,ST,high
8458,Paul Bodin,LB,high
8466,Craig Maskell,ST,high
8467,Micky Hazard,CAM/CM,high
8480,Darren Patterson,RB,low
8500,Francesco Baiano,ST/CF/CAM,high
8526,Igor Balis,RB,high
8551,Mickaël Madar,ST,high
8602,Florin Raducioiu,ST,high
8611,Tony Roberts,GK,high
8623,Mark Brennan,CM,high
8633,Roberto Mancini,CF/ST,high
8707,Juergen Sommer,GK,high
8817,Terry Fenwick,CB,high
8819,Kenny Sansom,LB,high
8821,Peter Reid,CM/CDM,high
8823,Steve Hodge,CM/LM,high
8827,Chris Waddle,RW/LW,high
8878,Paul Davis,CM,high
8879,Anders Limpar,LW/LM,high
8880,Erik Thorstvedt,GK,high
8882,Gary Mabbutt,CB,high
8883,Paul Stewart,ST/CM,high
8884,Paul Allen,CM/RM,high
8885,David O'Leary,CB,high
8886,Perry Groves,LW/ST,high
8887,Paul Walsh,ST/CF,high
8889,Alan Smith,ST/CF,high
8926,Mark Atkins,CM/RB,high
9012,Ian Andrews,GK,high
9084,Mark Wright,CB,high
9085,Faustino Asprilla,ST/CF,high
9086,Philippe Albert,CB,high
9509,Ronnie Whelan,CM/LM,high
9511,David Rocastle,RM/CM,high
9688,Phil Warner,RB,low
9710,Glenn Hoddle,CAM/CM,high
9799,Djibril Diawara,CB/CDM,high
10216,Alberto Mendez,LM/CM,high
10273,Graeme Sharp,ST,high
10274,John Ebbrell,CM,high
10276,Barry Venison,CDM/RB,high
10277,David Speedie,ST/CF,high
10542,Youssef Safri,CDM/CM,high
10770,Trevor Francis,ST/CF,high
10773,Gordon Strachan,RM/CM,high
10775,Steve Bruce,CB,high
10787,Gary Megson,CM/CDM,high
10790,Steve McMahon,CM,high
10793,Micky Adams,LB,high
10794,Danny Wilson,CM,high
10796,Alan Cork,ST,high
10798,Steve Whitton,ST/CM,low
10801,Andy Ritchie,ST,high
10804,Ian Holloway,CM/RM,high
10810,Lawrie Sanchez,CM,high
10812,Steve Cotterill,ST,high
10814,Paul Bracewell,CM/CDM,high
10825,Brian Laws,RB,high
10916,Fernando Nélson,RB,high
11005,Thomas Gaardsoe,CB,high
11010,Mal Donaghy,CB/LB,high
11014,Mick Harford,ST,high
11281,Eric Djemba Djemba,CDM/CM,high
11463,Andrew Welsh,CM,low
11564,Vassilis Lakis,RM/RW,high
12191,Garry Thompson,ST,high
12231,Jonathan Stevenson,ST,low
12751,Paul Parker,RB/CB,high
13190,Pontus Kaamark,CB/RB,high
13653,Bontcho Guenchev,ST/LW,high
13656,Jürgen Klinsmann,ST,high
13657,Ilie Dumitrescu,CAM/LW,high
14311,Adie Mike,ST,low
14501,Vassilis Borbokis,RB,high
14593,Yaniv Katan,ST/LW,high
14720,Paul Robinson,ST,low
14986,Tomas Gustafsson,CB,low
14987,Hugo Porfirio,LM/LW,high
14989,John Harkes,CM/RM,high
14991,Stefano Gioacchini,ST,low
14992,Roger Nilsen,LB/CB,high
14998,Nicola Berti,CM,high
14999,Aljosa Asanovic,CAM/CM,high
15000,Glyn Hodges,LM/CAM,high
15001,Ron Willems,ST,high
15002,Mark Beeney,GK,high
15003,Tomas Brolin,ST/CF,high
15005,Mark Bright,ST,high
15006,Nigel Pearson,CB,high
15007,John Hendrie,ST/RW,high
15008,Franz Carr,RW,high
15009,Brian McClair,ST/CM,high
15010,Garry Parker,CM/CAM,high
15011,Earl Barrett,RB/CB,high
15013,Vinnie Jones,CDM/CM,high
15014,Remi Garde,CDM/CM,high
15015,Ruud Gullit,CB/CAM/ST,high
15016,Steve Clarke,RB/CB,high
15018,Robbie Slater,RM,high
15019,Per Pedersen,ST,high
15020,Vladimir Kinder,LB,high
15021,Martin Dahlin,ST,high
15022,John McGinlay,ST,high
15024,Jovo Bosancic,CM,low
15025,Peter Shirtliff,CB,high
15026,Rory Ginty,CM,low
15027,Carl Veart,CM,low
15030,Itzik Zohar,CAM/CM,low
15032,Michele Padovano,ST,high
15036,Francesco Sanetti,ST,low
15037,Brian Laudrup,RW/LW/CF,high
15112,Michael Chopra,ST,high
15316,Dale Gordon,RW/RM,high
15471,Robert Warzycha,RM/LM,high
15662,Jason Blunt,CM,low
15663,Eric Cantona,CF/ST/CAM,high
15664,Tony Coton,GK,high
15665,Branco,LB/LWB,high
15666,Liam Daish,CB,high
15668,Alex Evtushok,CB,low
15669,Paulo Futre,LW/CF,high
15670,Marc Hottiger,RB,high
15671,Nikola Jerkan,CB,high
15672,Dariusz Kubicki,RB,high
15673,Bryan Robson,CM,high
15674,Ronny Rosenthal,ST,high
16114,Gordon Cowans,CM/CAM,high
16115,John Fashanu,ST,high
16116,Phil King,LB,high
16117,Nii Lamptey,ST/CAM,high
16118,Frank McAvennie,ST,high
16119,Paul McGrath,CB,high
16127,Darren Beckford,ST,high
16128,Lee Chapman,ST,high
16129,Julian Dicks,LB,high
16133,Tony Gale,CB,high
16134,Mark Hateley,ST,high
16178,Richard Holden,LM,high
16179,Mike Hooper,GK,high
16180,Chris Kamara,CM,high
16181,David Kerslake,RB,high
16182,Brian Kilcline,CB,high
16183,Mike Marsh,CM,high
16184,Damien Matthew,CM,low
16185,Andy Pearce,CB,high
16186,John Pemberton,RB,high
16187,Robert Rosario,ST,high
16188,Kevin Scott,CB,high
16189,Carl Shutt,ST,high
16190,Andy Thorn,CB,high
16191,Roy Wegerle,ST/RW,high
16192,David White,RM/RW/ST,high
16193,Chris Whyte,CB,high
16194,Ray Wilkins,CM/CDM,high
16842,Alvin Martin,CB,high
16891,Malcolm Allen,ST,high
16892,Chris Allen,LM,high
16893,Clive Allen,ST,high
16894,Joe Allon,ST,low
16895,Daniel Amokachi,ST/LW,high
16896,Viv Anderson,RB,high
16897,Dalian Atkinson,ST/RW,high
16898,Dennis Bailey,ST,high
16899,Clive Baker,GK,high
16900,Gary Bannister,ST/CAM,high
16902,Neal Bartlett,CM,low
16903,Greg Berry,LW/ST,low
16904,Peter Billing,CB,low
16905,Gary Blissett,ST,high
16907,Jeroen Boere,ST,high
16908,Marco Boogers,ST,high
16909,Brian Borrows,RB,high
16910,Vlado Bozinoski,CM,low
16912,Kenny Brown,RB,high
16914,Ian Bryson,LM/LB,low
16915,John Burridge,GK,high
16916,David Busst,CB,high
16917,Ian Butterworth,CB,high
16918,Jimmy Carter,RM,low
16919,Tony Cascarino,ST,high
16921,Lee Charles,ST,low
16922,Glenn Cockerill,CM,high
16924,Gerry Creaney,ST,high
16925,Ian Crook,CM,high
16926,Ian Culverhouse,RB/CB,high
16927,Tony Daley,RW/LW,high
16929,Bobby Davison,ST,high
16931,Marc Degryse,CAM/CF,high
16933,Kerry Dixon,ST,high
16934,Gerald Dobbs,CB,low
16935,Maurice Doyle,CM,low
16936,Lee Durrant,CM,low
16937,Sieb Dykstra,GK,high
16938,Gary Elkins,LB/CM,high
16939,Paul Elliott,CB,high
16942,Mark Flatts,LM/LW,high
16943,Robert Fleck,ST,high
16944,John Foster,CB,low
16945,Michael Frontzeck,LB,high
16946,Kevin Gage,RB,high
16947,John Gannon,CM,high
16948,Maurizio Gaudino,CM/CAM/RM,high
16949,Brian Gayle,CB,high
16950,Phil Gee,ST,low
16951,Terry Gibson,ST,high
16952,Paul Goddard,ST/CF,high
16954,Jeremy Goss,CM,high
16955,Andrew Gray,CM,low
16957,Neil Gregory,ST,low
16958,Niklas Gudmundsson,ST,low
16959,Bryan Gunn,GK,high
16960,Micky Gynn,CM/RM,low
16961,Richard Hall,CB,high
16963,Alan Harper,RB/CB/CM,low
16964,Charlie Hartfield,CM,low
16965,John Hendry,ST,high
16967,Andy Hill,CB,high
16968,Colin Hill,CB,high
16970,Bobby Howe,CM,low
16971,Jamie Hoyland,CB/CM,high
16972,John Humphrey,RB,high
16973,Terry Hurlock,CDM/CM,high
16974,Lee Hurst,CM,low
16975,Eike Immel,GK,high
16976,Kare Ingebrigtsen,CM/RM,high
16978,Ian Ironside,GK,high
16980,Isaías,CM,high
16983,Erland Johnsen,CB,high
16984,Mo Johnston,ST/CF,high
16985,Ryan Jones,LM/LB,low
16986,Rob Jones,RB,high
16987,Steve Jones,ST,high
16991,Billy Kenny,CM,low
16993,Jakob Kjeldbjerg,CB/CDM,high
16995,Ales Krizan,CB,low
16997,Michael Lake,CM,low
16999,David Lee,CB/CDM,high
17000,Lars Leese,GK,high
17001,Neil Lewis,LB,low
17002,Pal Lydersen,RB/CB,low
17003,Ross MacLaren,CM,low
17005,Dwight Marshall,ST,low
17007,Paul Mason,CM/LM,low
17009,Alan McCarthy,CB,low
17010,Alan McDonald,CB,high
17012,Neil McDonald,RB,high
17015,Eddie McGoldrick,RM/LM,high
17017,Ray McKinnon,CM,low
17018,Simon Milton,RM/CM,high
17021,Kevin Moore,CB,high
17022,Neil Moore,CB,low
17023,Kevin Moran,CB,high
17024,Paul Moran,ST/LW,low
17026,Steve Morgan,LB,low
17028,Chris Morris,RB,high
17029,Paul Moulden,ST,high
17030,Andy Mutch,ST,high
17031,Nayim,CM/RM,high
17032,Luc Nijholt,CM/CB,low
17033,Lee Norfolk,CM,low
17034,Liam O'Brien,CM,high
17035,Ian Olney,ST,high
17036,Richard Ord,CB,high
17037,Thorvaldu Örlygsson,CM/RM,low
17038,Nicos Papavasiliou,CM,low
17039,Joe Parkinson,CDM/CM,high
17040,Colin Pates,CB,high
17041,Adrian Paz,ST,low
17042,Andy Peake,CM/CB,low
17043,Steve Pears,GK,high
17044,Glenn Pennyfather,CM,low
17045,Gary Penrice,ST,high
17047,Mike Phelan,CM/RB,high
17048,Ally Pickering,RB,high
17049,Torben Piechnik,CB,high
17050,Darren Pitcher,CM,low
17051,Adem Poric,CM,low
17052,Chris Price,RB,high
17053,Mark Proctor,CM,low
17055,Mick Quinn,ST,high
17058,Ray Ranson,RB,high
17059,Cyrille Regis,ST,high
17060,David Rennie,CB/CM,low
17061,Sandy Robertson,CM,low
17064,Stewart Robson,CM/CDM,high
17065,Mark Robson,RM,low
17068,Matthew Rush,RW,low
17069,Martin Scott,LB,high
17071,Andrea Silenzi,ST,high
17072,Lee Sinnott,CB/RB,low
17073,Stuart Slater,RM/CM,high
17074,Bernie Slaven,ST,high
17075,Ian Snodin,CM/CDM,high
17076,Jan Stejskal,GK,high
17077,Mel Sterland,RB,high
17078,Simon Stewart,CB,low
17079,Frank Strandli,ST,low
17080,Steve Talboys,CM,low
17081,Nicky Tanner,CB/LB,low
17085,Paul Tisdale,CM,low
17086,Pat van der Hauwe,LB/CB,high
17087,Imre Varadi,ST,high
17088,Michel Vonk,CB,high
17090,Ray Wallace,RB,high
17091,Mark Ward,RM/CM,high
17092,John Wark,CB/CM,high
17094,Simon Webster,CB,high
17096,Devon White,ST,high
17097,Steve White,ST,high
17098,Brett Williams,LB,high
17099,Paul Williams,CB,low
17100,Michael Williams,ST,low
17102,Rhys Wilmot,GK,high
17103,Jonas Wirmola,CB,low
17105,Chris Woods,GK,high
17107,Frank Yallop,RB/CB,high
17108,Eric Young,CB,high
17343,Malik Buari,CM,low
18005,Jonathan Spector,RB/CB,high
18282,Roger Palmer,ST,high
19040,Sam Sodje,CB,high
19197,Jason Puncheon,LM/CAM,high
19786,Giannis Skopelitis,CDM,low
19948,Stuart Holden,CM/RM,high
20008,Ognjen Koroman,RM/RW,high
21928,Steffen Karl,CDM/CM,low
22488,Uwe Rösler,ST,high
23336,John Jensen,CDM/CM,high
26794,Jan Kozak,CAM/CM,high
28587,Stuart Nicholson,ST,low
29788,Jostein Flo,ST,high
33730,Ahmed Fathy,RB/CDM,high
37023,Josh Walker,CM,low
37024,Tom Craddock,ST,low
40202,George Friend,LB,high
40348,Keith Treacy,LM/LW,high
40739,Douglas Rinaldi,CAM,low
43020,Chicharito,ST,high
49539,Kyle Naughton,RB/LB,high
50270,Brian Horne,GK,low
51927,Ben Mee,CB/LB,high
55422,Gylfi Sigurdsson,CAM/CM,high
57115,Lloyd McGrath,CDM/CM,high
57116,Grant Watts,ST,low
57189,Martin Allen,CM,high
57190,Trevor Morley,ST,high
58838,Andy Barlow,LB,high
58843,Richard Graham,CM,low
58905,Tommy Wright,GK,high
77454,Fabio Borini,ST/LW/RW,high
77875,Yun Suk-Young,LB,high
80061,Ryan Noble,ST,low
80281,Mark Cullen,ST,high
88554,Carles Gil,CAM/LW,high
96305,Jay Fulton,CM,high
96994,Bobby De Cordova-Reid,RW/CF/RM,high
103527,Diego Poyet,CDM/CM,high
104073,Joe Ralls,CM/CDM,high
104547,Dwight Gayle,ST,high
109638,Kean Bryan,CB,high
112316,Jakob Haugaard,GK,high
112520,Alex Palmer,GK,high
122411,Cameron Burgess,CB,high
126468,Tokelo Rantie,ST/LW,high
131403,Rhys Healey,ST,high
132931,Adam Campbell,ST,high
133801,Jerome Sinclair,ST,high
134383,Connor Randall,RB,high
143582,Paul McGee,ST,low
149468,Jiang Guangtai,CB,high
153246,Jimmy Willis,CB,high
153475,Liam O'Neil,CM,low
158499,Ryan Christie,CAM/CM,high
160220,Jordan Lyden,CM,high
160816,Donald Love,RB,high
169539,Andy Williams,CB,low
171213,Kevin Toner,CB,low
173268,Ivo Grbic,GK,high
173818,Nathan Broadhead,ST/LW,high
174102,Reece Grego-Cox,ST,low
174310,Elijah Adebayo,ST,high
184754,Hwang Hee-Chan,ST/RW/LW,high
185253,Gustavo Scarpa,RM/CAM,high
193109,Callum Slattery,CM,high
194010,Rico Henry,LB/LWB,high
194190,Harry Souttar,CB,high
197024,Guido Rodríguez,CDM,high
199056,Gabriel Osho,CB,high
199670,Odsonne Édouard,ST,high
200088,Dan Nlundulu,ST,high
200720,Caoimhín Kelleher,GK,high
201595,Lucas Perri,GK,high
203389,Nathan Tella,RW/RM/ST,high
204676,Andi Zeqiri,ST,high
206915,Curtis Jones,CM,high
207189,Sander Berge,CDM/CM,high
207725,Daniel Agyei,ST,low
208973,Francisco Sierralta,CB,high
209036,Marc Guéhi,CB,high
213345,Wesley,ST,high
213687,Charlie Goode,CB,high
214048,Maximilian Kilman,CB,high
214466,Will Smallbone,CM,high
215059,Robert Sánchez,GK,high
215136,Neco Williams,RB/LB,high
215379,Elliot Anderson,CM/CAM,high
215413,Kiernan Dewsbury-Hall,CM,high
215460,Ian Poveda,RW,high
216620,Marcus Forss,ST/RW,high
217401,Josh Benson,CM,low
217487,Mbwana Samatta,ST,high
218997,Ellis Simms,ST,high
219249,Matt O'Riley,CM/CAM,high
219937,Rhys Williams,CB,high
220394,Tommy Doyle,CM,high
220583,Luke Woolfenden,CB,high
220695,Paris Maghoma,CM,high
221389,John Victor,GK,high
222018,Ben Johnson,RB/LB,high
222434,Jack Simpson,CB,high
222625,George Hirst,ST,high
222694,Pascal Struijk,CB/LB,high
223336,Dan Neil,CM,high
223349,Indiana Vassilev,CAM/RW,high
223827,Dan Ballard,CB,high
226956,Mads Roerslev,RB,high
228044,Mads Bech,CB,low
229164,Chiedozie Ogbene,RW/LW,high
229384,Andy Irving,CM,high
230348,Ross Stewart,ST,high
231899,Jack Taylor,CM,high
232112,Manuel Ugarte,CDM,high
232228,Harry Clarke,RB/RWB,high
232351,Ryan Giles,LB/LWB,high
232391,Jeremy Ngakia,RB,high
232653,Jacob Ramsey,CM/CAM/LM,high
232792,Tariq Lamptey,RB/RWB,high
232826,Anthony Gordon,LW/RW/ST,high
232859,Djed Spence,RB/LB,high
232892,Calvin Bassey,CB/LB,high
233821,Anel Ahmedhodzic,CB,high
235530,Lloyd Kelly,CB/LB,high
235826,Joël Piroe,ST,high
240299,Joe Hodge,CM,low
242898,Brennan Johnson,RW/ST,high
243505,Jakub Moder,CM,high
243571,Nathan Patterson,RB,high
244042,Rodrigo Muniz,ST,high
244262,Alfie Doughty,LWB/LM,high
244619,Luke Thomas,LB,high
244704,Matías Viña,LB,high
244716,Cucho Hernández,ST,high
244723,Tyrick Mitchell,LB,high
244845,Nathan Wood,CB,high
244850,Morgan Rogers,CAM/LW,high
244851,Cole Palmer,CAM/RW,high
244856,Teden Mengi,CB,high
244858,Fábio Carvalho,CAM/RW,high
245719,Taylor Harwood-Bellis,CB,high
245824,Carlos Vinícius,ST,high
245923,Luke Cundle,CM,high
247245,Hannes Delcroix,CB/LB,high
247412,Jørgen Strand Larsen,ST,high
247693,Randal Kolo Muani,ST,high
248937,Sam Greenwood,CAM/LW,high
249231,Keane Lewis-Potter,LW/LWB/LB,high
250604,Owen Otasowie,CDM,low
424001,Vinicius Souza,CDM,high
427623,Chris Richards,CB/RB,high
428626,Przemyslaw Placheta,LW,high
430367,Joel Mumbongo,ST,low
432160,Shandon Baptiste,CM,high
432714,James McAtee,CAM/RW,high
432720,James Trafford,GK,high
432735,Adam Idah,ST,high
432830,Nathan Collins,CB,high
432990,Yasser Larouci,LB,high
433590,Cody Drameh,RB,high
433979,Cameron Archer,ST,high
436680,Jakub Stolarczyk,GK,high
436893,Julián Araujo,RB,high
437505,Wilson Isidor,ST,high
437730,Antoine Semenyo,ST/RW/LW,high
437858,Vitinha,CM/CDM,high
438098,Fábio Vieira,CAM/CM,high
438234,Omar Marmoush,ST/LW,high
439485,Josh Martin,LW,low
439509,Christos Tzolis,LW,high
440323,Armando Broja,ST,high
440854,Jakub Kiwior,CB/LB,high
440993,Iliman Ndiaye,LW/ST,high
441191,Tino Livramento,RB/LB,high
441192,Jeremy Sarmiento,LW/LM,high
441264,Brian Brobbey,ST,high
441271,Ki-Jana Hoever,RB,high
441302,Ian Maatsen,LB/LWB,high
441428,Jarell Quansah,CB,high
441455,Vitinho,RB,high
443211,Rhys Norrington-Davies,LB,high
443661,Michael Olise,RW/CAM,high
444102,Evanilson,ST,high
444180,Jaidon Anthony,LW,high
444884,Harvey Elliott,CAM/RW/CM,high
445122,Jurriën Timber,RB/CB/LB,high
445548,Odeluga Offiah,RB/CB,high
446281,Tony Springett,RW,low
447715,Aaron Ramsey,CM,high
447932,Jordan Zemura,LB,high
448047,Enzo Fernández,CM/CDM,high
448089,João Gomes,CDM/CM,high
448104,Piero Hincapié,CB/LB,high
448514,Rayan Aït-Nouri,LB/LWB,high
449027,Giorgi Mamardashvili,GK,high
449429,Jacob Greaves,CB/LB,high
449434,Anthony Elanga,RW/RM,high
449871,Amadou Onana,CDM/CM,high
450070,Crysencio Summerville,LW,high
450529,Lewis Bate,CDM/CM,high
450535,Malcolm Ebiowei,RW/LW,high
450539,Myles Peart-Harris,CAM,high
450542,Jesurun Rak-Sakyi,RW,high
451302,Altay Bayindir,GK,high
451340,Kaoru Mitoma,LW,high
454667,Jens Cajuste,CM,high
455084,Leif Davis,LB,high
456350,Gavin Bazunu,GK,high
456512,Dan Ndoye,RW,high
456966,Caleb Watts,CM,low
457569,Djordje Petrovic,GK,high
460028,Levi Colwill,CB/LB,high
461026,Chem Campbell,RW/CAM,high
461188,Bashir Humphreys,CB/LB,high
461195,Dennis Cirkin,LB,high
461199,Romaine Mundle,LW,high
461421,Lewis Dobbin,LW,high
461446,Tyler Onyango,CM,low
461484,Joe White,CM,low
461587,Kasey McAteer,RW/LW,high
462387,Ali Al Hamadi,ST,high
462635,Joe Gelhardt,ST,high
463034,Liam Delap,ST,high
463067,Georginio Rutter,ST/CAM/CF,high
463212,Carlos Forbs,RW/LW,high
463903,Jesper Lindstrøm,RW/CAM,high
463936,Jamie Gittens,LW,high
463981,James Hill,RB/CB,high
465247,Senne Lammens,GK,high
465351,Matheus Nunes,CM/RB,high
465390,Kaine Kesler-Hayden,RB/RWB,high
465527,Hannibal Mejbri,CM/CAM,high
465642,Malick Thiaw,CB,high
465694,Nico González,CDM/CM,high
465730,Maxim De Cuyper,LB/LWB,high
465920,Mykhailo Mudryk,LW,high
466052,Rayan Cherki,CAM/RW,high
466075,Riccardo Calafiori,CB/LB,high
466117,Naouirou Ahamada,CM/CDM,high
466404,Andrew Omobamidele,CB,high
466525,Anton Stach,CDM/CM,high
467169,Antony,RW,high
467189,Mads Hermansen,GK,high
467779,Mats Wieffer,CDM/RB,high
469130,Lorenzo Lucca,ST,high
469142,Jan Paul van Hecke,CB,high
469272,Loum Tchaouna,RW,high
470313,Nick Woltemade,ST/CF,high
470315,Luca Netz,LB,high
472713,Aaron Hickey,RB/LB,high
472769,Nico O'Reilly,LB/CM,high
473341,Caleb Okoli,CB,high
474120,Julio Enciso,CAM/ST,high
475480,Benicio Baker-Boaitey,RW/CAM,low
476344,Jhon Durán,ST,high
476369,Issa Kaboré,RB/RWB,high
476502,Boubacar Traoré,CDM,high
476887,Dilane Bakwa,RW,high
476888,Sékou Mara,ST,high
477064,Rico Lewis,RB/CM,high
477386,Armel Bella-Kotchap,CB,high
477555,Oscar Bobb,RW,high
477580,Illia Zabarnyi,CB,high
477717,Maxime Estève,CB,high
478912,Carney Chukwuemeka,CM/CAM,high
478969,Hjalmar Ekdal,CB,high
480455,Jarrad Branthwaite,CB,high
481405,Mads Bidstrup,CM,high
481510,Victor Kristiansen,LB,high
481624,Jaden Philogene,LW/RW,high
481655,Martín Zubimendi,CDM,high
482442,Pape Matar Sarr,CM,high
482609,Malo Gusto,RB,high
482973,Igor Jesus,ST,high
483081,Rodrigo Gomes,RW/LW,high
483365,Jonathan Rowe,LW/CAM,high
485047,Morato,CB/LB,high
485055,Antonín Kinsky,GK,high
485337,Evann Guessand,ST/RW,high
485711,Benjamin Sesko,ST,high
486385,Beto,ST,high
486520,Ilia Gruev,CDM,high
486672,Moisés Caicedo,CDM/CM,high
487053,Destiny Udogie,LWB/LB,high
487117,Evan Ferguson,ST,high
487676,Trai Hume,RB,high
487702,Luca Koleosho,LW,high
487828,Omari Forson,LW,low
487837,Divin Mubama,ST,high
487838,Lewis Hall,LB,high
487968,Ameen Al-Dakhil,CB,high
488024,Yéremy Pino,RW,high
488213,Tolu Arokodare,ST,high
488439,Woyo Coulibaly,LB,high
489639,Bart Verbruggen,GK,high
489706,Justin Devenny,CM/RM/CAM,high
489888,Amine Adli,LW/CAM,high
490094,Tim Iroegbunam,CDM/CM,high
490142,Freddie Potts,CDM/CM,high
490145,Dane Scarlett,ST,high
490146,Jay Stansfield,ST,high
490503,Samuel Edozie,LW,high
490721,Hugo Bueno,LB,high
490881,Toby Collyer,CDM,low
490885,George Earthy,CAM,high
491007,Dário Essugo,CDM,high
491012,Youssef Chermiti,ST,high
491279,Micky van de Ven,CB,high
491501,James McConnell,CM,low
491970,Bobby Clark,CM,high
492373,Charlie Cresswell,CB,high
492777,Conor Bradley,RB/RWB,high
492831,Zeki Amdouni,ST/CAM,high
492859,Wilfried Gnonto,LW/RW,high
493105,Alejandro Garnacho,LW,high
493125,Radu Dragusin,CB,high
493250,Amad Diallo,RW/CAM,high
493362,Xavi Simons,CAM/LW,high
494521,Adrien Truffert,LB,high
494595,Florian Wirtz,CAM,high
494779,Albert Grønbæk,CAM/CM,high
494960,Quilindschy Hartman,LB,high
495024,Jay Robinson,ST,low
496208,Ben Gannon-Doak,RW,high
496221,Adam Wharton,CM/CDM,high
496661,Tyler Dibling,RW,high
497606,Tawanda Chirewa,LW,low
497894,Rasmus Højlund,ST,high
497949,David Møller Wolfe,LB,high
498016,Robin Roefs,GK,high
499169,Myles Lewis-Skelly,LB/CM,high
499175,Ethan Nwaneri,CAM/RW,high
499309,Marc Guiu,ST,high
499604,Rayan,RW/ST,high
499721,Mikey Moore,LW,high
500016,Welington,LB,high
500040,Cristhian Mosquera,CB,high
500151,Nicolò Savona,RB/CB,high
501284,Michael Olakigbe,RW,low
501837,Yerson Mosquera,CB,high
502222,Ramón Sosa,LW,high
502500,Igor Thiago,ST,high
502697,Charly Alcaraz,CAM/CM,high
503139,Alex Scott,CM/CAM,high
503301,Omari Hutchinson,RW,high
503714,Lesley Ugochukwu,CDM,high
503724,Lorenz Assignon,RB,high
504198,Anis Ben Slimane,CM/CAM,high
504783,Kamaldeen Sulemana,LW/RW,high
505187,Cesare Casadei,CM,high
508395,Yehor Yarmoliuk,CM,high
508479,Filip Jörgensen,GK,high
509291,André,CDM,high
509416,Yasin Ayari,CM/CAM,high
510281,Sávio,RW,high
510362,Toti Gomes,CB/LB,high
510363,Chiquinho,RW/CAM,low
510500,Jota Silva,RW,high
510663,Hugo Ekitiké,ST,high
511499,Mathys Tel,ST/LW,high
511783,Anass Zaroury,LW,high
512462,Jake O'Brien,CB,high
513046,Danilo,CM,high
513418,Kevin Schade,LW,high
513433,Brajan Gruda,RW/CAM,high
513466,Merlin Röhl,CM,high
513527,Bilal El Khannouss,CAM,high
513588,Jamie Donley,CAM,high
514254,Diego Gómez,CM,high
514280,Alfie Gilchrist,RB/CB,high
514356,Roméo Lavia,CDM,high
515024,Luke Harris,CAM,low
515046,Melker Ellborg,GK,high
515571,Juan Larios,LB,low
515597,Lamare Bogarde,CDM/CB,high
515621,Chadi Riad,CB,high
516895,Kobbie Mainoo,CM/CDM,high
516939,Emmanuel Agbadou,CB,high
517052,Nicolas Jackson,ST,high
518030,Max Weiss,GK,high
518466,Willy Kambwala,CB,high
519895,Oliver Sonne,RB,high
520295,Datro Fofana,ST/LW,high
523700,Daniel Jebbison,ST,high
523705,Jackson Tchatchoua,RB/RWB,high
523957,Bénie Traoré,RW,high
530335,Pablo,ST/LW,low
531170,Nasser Djiga,CB,high
531363,Nathan Fraser,ST,high
531442,Abdul Fatawu,RW,high
531989,David Ozoh,CM,high
532372,Oliver Arblaster,CM,low
532529,Jack Hinshelwood,CM/RB,high
532605,Andrey Santos,CM/CDM,high
533463,Dango Ouattara,RW/RM,high
535301,Carlos Baleba,CDM/CM,high
535818,Simon Adingra,LW/RW,high
535928,Stefan Bajcetic,CDM/CM,high
536109,Ollie Scarles,LB,high
536661,Nilson Angulo,LW,high
536694,Matheus França,CAM,low
536908,Alejo Veliz,ST,high
536916,Facundo Buonanotte,CAM/RW,high
538207,William Osula,ST,high
538210,Andre Brooks,RW,low
543158,Valentín Barco,LB/LWB,high
544877,Milos Kerkez,LB,high
547027,Habib Diarra,CM,high
547037,Jack Fletcher,CM,low
547701,Archie Gray,CM/RB,high
547719,Lewis Miley,CM,high
549067,Zach Abbott,CB,low
549074,Tom Watson,LW,low
549329,Lucas Pires,LB,high
549912,Chemsdine Talbi,RW,high
550090,Diego Coppola,CB,high
550615,Tyrique George,LW/RW,high
550839,Wilson Odobert,LW/RW,high
550864,Leny Yoro,CB,high
551210,Jorrel Hato,LB/CB,high
551226,Mateus Fernandes,CM/CAM,high
551230,Renato Veiga,CB/LB,high
551232,Rodrigo Ribeiro,ST,high
551483,Álex Jiménez,RB,high
552427,Will Lankshear,ST,high
554197,Chris Rigg,CM/CAM,high
554605,Dean Huijsen,CB,high
560262,Junior Kroupi,ST,high
560552,Kevin,LW,high
564406,Eliezer Mayenda,ST,high
564940,Soungoutou Magassa,CDM,high
565297,Mateo Joseph,ST,high
570241,Kim Ji-Soo,CB,high
570526,Lucas Bergvall,CM,high
574402,Mark O'Mahony,ST,high
574458,Mamadou Sarr,CB,high
575034,Ethan Wheatley,ST,high
575458,Jair Cunha,CB,high
575476,Murillo,CB,high
575901,Julio Soler,LB,high
576628,Shea Lacey,RW,low
577016,Josh Acheampong,RB,high
577114,Luís Guilherme,RW,high
577669,Noah Sadiki,CM/CDM,high
577725,Josh King,CAM,low
577974,Harry Amass,LB,high
578153,Abdukodir Khusanov,CB,high
578545,Kosta Nedeljkovic,RB,high
586309,Thierno Barry,ST,high
589507,Leon Chiwome,ST,low
591386,Trey Nyoni,CM,high
592031,Yankuba Minteh,RW,high
596047,Chido Obi,ST,high
596054,Tom Edozie,RW,low
596777,Patrick Dorgu,LWB/LB,high
597320,Harry Howell,CAM,low
602903,Ezra Mayers,RB,low
606689,Romelle Donovan,CM,low
606745,Ayden Heaven,CB,high
606775,Ben Winterburn,CM,low
606798,Andrés García,RB/RWB,high
606921,Romain Esse,RW/CAM,high
607464,Michael Kayode,RB,high
608181,Stefanos Tzimas,ST,high
609873,Harrison Armstrong,CM,high
611922,Rio Ngumoha,LW,high
613804,El Hadji Malick Diouf,LB/LWB,high
614574,Alex Tóth,CM,low
616077,Max Dowman,RW/CAM,high
616221,Souza,LB,high
620487,Veljko Milosavljevic,CB,high
624773,Estêvão,RW,high
626464,Gustavo Nunes,RW,low
628204,Yunus Konak,CM,low
630664,Jake Evans,CAM/LW,low
630699,Mohamadou Kanté,CM,low
631786,Jonah Kusi-Asare,ST,high
641221,Pedro Lima,RB,low
643135,Fer López,CAM,high
647671,Mateus Mané,RW/CAM,low
647850,Charalampos Kostoulas,ST,high
649208,Jeremy Monga,RW,low
651426,Jaydee Canvot,CB,high
653481,Alysson,LW,low
660392,Christantus Uche,CAM/CM,high
